po_id,requester_name,approver_name,send_back_reason,id
SN353038,R232,A80,Non-compliant item. Remove.,0
1796-2013,R105,A22,Please supply the spend cateogry.,1
13-861-428,R9,A65,Spend category is missing.,2
12-89334,R901,A65,Please supply the spend cateogry.,3
DFT13028,R9,A22,Spend category is missing.,4
Y0002391,R105,A80,Mising spend categor.,5
4500147371,R734,A80,Mising spend categor.,6
4500211314,R734,A65,Mising spend categor.,7
4500182301,R1,A35,Please supply the spend cateogry.,8
REQ0009575,R734,A80,Wrong supplier.,9
4500158787,R987,A11,Mising spend categor.,10
40-63-05,R901,A35,This item is in violates procurement compliance rules. Please remove item.,11
S3914000,R66,A80,Mising spend categor.,12
PRF 14-0059,R232,A35,Wrong supplier.,13
4500168167,R105,A22,Mising spend categor.,14
4500199155,R232,A11,Please supply the spend cateogry.,15
W0000958,R734,A35,This is not an approved supplier. Please find another vendor.,16
X1214,R105,A35,Fill in the item.,17
4500220163,R105,A80,Mising spend categor.,18
42A9147,R987,A11,Unapproved supplier. Either cancel the order or find another vendor.,19
ARB136003,R901,A35,Spend category is missing.,20
4500176799,R734,A65,Please supply the spend cateogry.,21
REQ0008578,R734,A80,Missing item information.,22
12560121,R33,A65,Bad item.,23
4500212893,R9,A11,This is not an approved supplier. Please find another vendor.,24
SMM-84-1347,R9,A80,Missing item nme and descripions,25
CD14-070,R734,A22,Spend category is missing.,26
ARB135240,R66,A80,Wrong supplier.,27
4500198451,R105,A22,This item is in violates procurement compliance rules. Please remove item.,28
33500025,R105,A80,This item is in violates procurement compliance rules. Please remove item.,29
4500244773,R33,A65,This item is in violates procurement compliance rules. Please remove item.,30
D0899,R987,A22,Bad item.,31
12-0000008441,R66,A22,Non-compliant item. Remove.,32
4500268511,R105,A35,Please supply the spend cateogry.,33
PO14K059,R1,A80,Spend category is missing.,34
REQ0009508,R1,A65,This item is in violates procurement compliance rules. Please remove item.,35
2660 221300000242,R987,A35,Please supply the spend cateogry.,36
SV.13016-1 (2of2 MH),R66,A65,Mising spend categor.,37
443375,R232,A22,Bad item.,38
2UI4K073,R901,A11,Please supply the spend cateogry.,39
P-140719,R33,A80,Unapproved supplier. Either cancel the order or find another vendor.,40
PO532152497,R33,A80,Missing item information.,41
POZ32072,R548,A80,Missing item nme and descripions,42
4500272631,R734,A65,Spend category is missing.,43
50-64-66,R987,A22,This is not an approved supplier. Please find another vendor.,44
50-63-132,R66,A65,Mising spend categor.,45
R0000361,R987,A35,Spend category is missing.,46
TA-30083,R232,A65,Missing item nme and descripions,47
2014-0083,R1,A35,Fill in the item.,48
CF140917,R232,A11,Please supply the spend cateogry.,49
4500215968,R232,A35,Missing item nme and descripions,50
4500257693,R1,A22,Missing item nme and descripions,51
4500262709,R901,A22,Missing item information.,52
50-62-108,R901,A35,Wrong supplier.,53
C1238071,R66,A22,Fill in the item.,54
50-62-12,R548,A65,Missing item nme and descripions,55
4500184814,R548,A35,Mising spend categor.,56
4500275750,R66,A35,Spend category is missing.,57
4500162752,R1,A80,Missing item nme and descripions,58
PD140631-530,R1,A11,Bad item.,59
14-G0394,R548,A11,Fill in the item.,60
4500141756,R105,A65,Spend category is missing.,61
4500173138,R901,A65,Spend category is missing.,62
W0000812,R105,A65,Spend category is missing.,63
1013000260,R105,A80,Mising spend categor.,64
REQ0008885,R9,A35,Missing item information.,65
1335710a69,R232,A65,Bad item.,66
REQ0009143,R66,A11,Non-compliant item. Remove.,67
4500147024,R66,A65,Missing item information.,68
SN253169,R901,A65,Please supply the spend cateogry.,69
4500216681,R105,A80,Mising spend categor.,70
BS-13-050,R548,A11,Please supply the spend cateogry.,71
3170515,R9,A65,Missing item nme and descripions,72
4500162834,R1,A65,Missing item information.,73
4500203838,R66,A80,Wrong supplier.,74
13-64110,R105,A35,Wrong supplier.,75
4500258385,R1,A22,This item is in violates procurement compliance rules. Please remove item.,76
074H4020,R987,A35,Fill in the item.,77
13/M-82,R1,A35,Please supply the spend cateogry.,78
ARB127505,R734,A80,Spend category is missing.,79
C11E0057,R548,A80,Non-compliant item. Remove.,80
12548239,R33,A35,Unapproved supplier. Either cancel the order or find another vendor.,81
4500260663,R548,A80,Mising spend categor.,82
PO143077,R9,A11,This item is in violates procurement compliance rules. Please remove item.,83
4500155764,R9,A22,Mising spend categor.,84
4500227057,R9,A11,Missing item nme and descripions,85
12518014,R33,A80,Please supply the spend cateogry.,86
4500211909,R33,A35,Spend category is missing.,87
4500191712,R105,A11,Spend category is missing.,88
3PA2C637,R33,A65,This item is in violates procurement compliance rules. Please remove item.,89
4500220523,R105,A35,This item is in violates procurement compliance rules. Please remove item.,90
SA-172-15PA,R548,A80,Mising spend categor.,91
4500197426,R734,A35,Non-compliant item. Remove.,92
4500231693,R105,A80,Please supply the spend cateogry.,93
4500027455,R734,A65,Non-compliant item. Remove.,94
W0960,R901,A35,Please supply the spend cateogry.,95
GP110238,R66,A35,Please supply the spend cateogry.,96
REQ0012715,R105,A11,Mising spend categor.,97
HD250084,R232,A35,Missing item nme and descripions,98
DRP14307,R548,A22,Missing item nme and descripions,99
CF140541,R33,A65,Bad item.,100
4500189598,R548,A65,Spend category is missing.,101
4500222265,R901,A80,Unapproved supplier. Either cancel the order or find another vendor.,102
3178025,R105,A80,Fill in the item.,103
4500226572,R548,A35,Please supply the spend cateogry.,104
DR12IT53b,R548,A80,Missing item information.,105
10-413-550-1,R901,A65,Missing item information.,106
CF130875,R1,A65,Non-compliant item. Remove.,107
4500210052,R901,A80,Non-compliant item. Remove.,108
CPCFA07-11,R9,A80,Unapproved supplier. Either cancel the order or find another vendor.,109
2210,R105,A65,Unapproved supplier. Either cancel the order or find another vendor.,110
4500222356,R734,A22,Mising spend categor.,111
CF140340,R548,A22,Bad item.,112
4500201280,R901,A22,Please supply the spend cateogry.,113
41414,R9,A65,Spend category is missing.,114
14-007,R548,A22,Non-compliant item. Remove.,115
2UI4K859,R105,A22,This item is in violates procurement compliance rules. Please remove item.,116
C13K0100,R9,A11,Mising spend categor.,117
13-64009,R9,A65,Spend category is missing.,118
71300000227,R548,A22,This is not an approved supplier. Please find another vendor.,119
4500216087,R901,A80,Missing item information.,120
REQ0008998,R734,A11,Please supply the spend cateogry.,121
CBP14144,R33,A11,Fill in the item.,122
2UI2N224,R105,A35,Bad item.,123
11-104,R548,A22,Please supply the spend cateogry.,124
ITS13-113,R548,A22,Non-compliant item. Remove.,125
14S20055,R734,A65,Unapproved supplier. Either cancel the order or find another vendor.,126
1098,R548,A65,Spend category is missing.,127
6005-4,R105,A80,This item is in violates procurement compliance rules. Please remove item.,128
13-G0136,R734,A80,Please supply the spend cateogry.,129
13-346U,R105,A65,This item is in violates procurement compliance rules. Please remove item.,130
S28113000248-3,R232,A65,Bad item.,131
4500235905,R9,A65,This is not an approved supplier. Please find another vendor.,132
4D420271,R734,A35,Non-compliant item. Remove.,133
955811,R734,A65,Missing item information.,134
4500229397,R66,A65,Missing item information.,135
4500273994,R9,A11,Please supply the spend cateogry.,136
1493-2013,R33,A65,Fill in the item.,137
2UI2K1155,R987,A80,This is not an approved supplier. Please find another vendor.,138
4500287423,R987,A22,Spend category is missing.,139
M5161051,R232,A80,Spend category is missing.,140
P-130335,R734,A35,Wrong supplier.,141
0127-2014,R987,A80,Bad item.,142
4500227544,R548,A35,This item is in violates procurement compliance rules. Please remove item.,143
13-T3682,R66,A11,Bad item.,144
450019078,R232,A11,Fill in the item.,145
12-861-142,R33,A80,This item is in violates procurement compliance rules. Please remove item.,146
BF120408,R105,A65,This item is in violates procurement compliance rules. Please remove item.,147
7CA02303,R548,A65,Non-compliant item. Remove.,148
4500211355,R66,A80,Fill in the item.,149
REQ0010459,R901,A22,This item is in violates procurement compliance rules. Please remove item.,150
21019233,R901,A65,This item is in violates procurement compliance rules. Please remove item.,151
12518064,R548,A65,Spend category is missing.,152
4500182391,R66,A65,This item is in violates procurement compliance rules. Please remove item.,153
CDA-12061,R734,A35,Mising spend categor.,154
4500283636,R734,A80,Spend category is missing.,155
REQ0010715,R66,A80,Mising spend categor.,156
3012-559,R901,A11,Bad item.,157
CF120259,R1,A35,Please supply the spend cateogry.,158
04A4106,R232,A80,Non-compliant item. Remove.,159
SO11372,R901,A11,Unapproved supplier. Either cancel the order or find another vendor.,160
13-318,R232,A65,Mising spend categor.,161
4500177712,R987,A65,Bad item.,162
4500229476,R9,A22,Bad item.,163
W0001500,R734,A22,Missing item nme and descripions,164
9CA02525,R901,A35,Mising spend categor.,165
4500256878,R987,A11,Fill in the item.,166
DP 13 2050,R901,A80,Unapproved supplier. Either cancel the order or find another vendor.,167
94-62-7504,R901,A35,Spend category is missing.,168
4500199527,R9,A35,Spend category is missing.,169
4500161302,R901,A22,Mising spend categor.,170
4500192496,R987,A22,Please supply the spend cateogry.,171
4500287723,R987,A80,Please supply the spend cateogry.,172
4500222745,R232,A80,Wrong supplier.,173
4500212006,R9,A22,Fill in the item.,174
1UI3D082,R66,A11,Spend category is missing.,175
RR130214,R33,A65,Missing item information.,176
12-10251,R232,A65,Fill in the item.,177
4500254685,R734,A11,Please supply the spend cateogry.,178
4500143425,R105,A11,Mising spend categor.,179
4500213814,R105,A35,Non-compliant item. Remove.,180
P1391019,R734,A80,Spend category is missing.,181
50-64-33,R66,A35,Bad item.,182
14-06-0994,R901,A65,Fill in the item.,183
SN253070,R901,A22,Spend category is missing.,184
s4073137,R901,A11,Missing item nme and descripions,185
4500224873,R66,A22,Spend category is missing.,186
4500200787,R105,A22,Missing item information.,187
12-0072,R734,A35,Missing item information.,188
MV120804,R987,A35,Unapproved supplier. Either cancel the order or find another vendor.,189
PO422565,R548,A22,Mising spend categor.,190
13-6925,R9,A35,Bad item.,191
4500213037,R987,A22,Spend category is missing.,192
4500193274,R105,A65,This item is in violates procurement compliance rules. Please remove item.,193
14-7-793-087,R9,A11,Mising spend categor.,194
4UI2C0100,R734,A11,Please supply the spend cateogry.,195
4500231236,R232,A80,Wrong supplier.,196
NR120658,R66,A35,Please supply the spend cateogry.,197
4500168125,R548,A11,This item is in violates procurement compliance rules. Please remove item.,198
S22113000650-1,R1,A80,Mising spend categor.,199
13-PO-01555,R987,A22,This item is in violates procurement compliance rules. Please remove item.,200
4500206091,R901,A35,Wrong supplier.,201
P1300898,R987,A11,Mising spend categor.,202
14-506-0091,R66,A22,Please supply the spend cateogry.,203
091D3050,R105,A22,Missing item information.,204
4500149785,R105,A22,Mising spend categor.,205
4500143807,R901,A35,Mising spend categor.,206
REQ0010137,R105,A35,Please supply the spend cateogry.,207
4500177268,R66,A80,Fill in the item.,208
12-506-0292,R548,A80,Please supply the spend cateogry.,209
4600007671,R105,A80,Missing item information.,210
4500197248,R33,A35,Missing item nme and descripions,211
13-861-431,R33,A22,Missing item nme and descripions,212
12YS0017,R548,A35,Unapproved supplier. Either cancel the order or find another vendor.,213
1.7E+13,R1,A11,Please supply the spend cateogry.,214
4500172592,R66,A80,Bad item.,215
4500226488,R987,A22,Mising spend categor.,216
531853888,R232,A65,Mising spend categor.,217
6034-3,R987,A11,This item is in violates procurement compliance rules. Please remove item.,218
42A9139,R1,A22,Fill in the item.,219
50-62-63,R33,A65,Mising spend categor.,220
4500248758,R9,A80,Spend category is missing.,221
12-10595,R548,A35,Non-compliant item. Remove.,222
SN353006,R33,A65,Missing item nme and descripions,223
SR130338,R66,A11,Fill in the item.,224
LN149005,R901,A22,Spend category is missing.,225
4500250774,R232,A11,This is not an approved supplier. Please find another vendor.,226
4500159385,R33,A80,Wrong supplier.,227
40685,R9,A11,Mising spend categor.,228
4500248617,R66,A11,Please supply the spend cateogry.,229
CD12-006,R9,A35,Missing item nme and descripions,230
CF121028,R33,A80,Spend category is missing.,231
4500263270,R232,A80,Bad item.,232
M5161011,R66,A80,Non-compliant item. Remove.,233
12G0331,R734,A22,This item is in violates procurement compliance rules. Please remove item.,234
36-59-03,R33,A65,Non-compliant item. Remove.,235
4500159883,R901,A35,Spend category is missing.,236
2539868,R9,A80,Fill in the item.,237
13-2029,R9,A35,Missing item information.,238
4500217569,R1,A22,Non-compliant item. Remove.,239
3.98E+14,R987,A80,This is not an approved supplier. Please find another vendor.,240
12A1390,R734,A22,Bad item.,241
20150000301,R987,A65,Unapproved supplier. Either cancel the order or find another vendor.,242
MV130548,R105,A11,Mising spend categor.,243
4500162090,R1,A22,Missing item nme and descripions,244
4500198009,R1,A11,This is not an approved supplier. Please find another vendor.,245
4500146257,R901,A80,Mising spend categor.,246
4500224888,R987,A22,Missing item information.,247
4500182073,R33,A35,Please supply the spend cateogry.,248
12-861-201,R901,A80,This item is in violates procurement compliance rules. Please remove item.,249
1.7E+13,R9,A80,Spend category is missing.,250
4500185348,R901,A35,This is not an approved supplier. Please find another vendor.,251
50-63-115,R548,A80,Non-compliant item. Remove.,252
4500223654,R548,A35,Mising spend categor.,253
4500148490,R33,A80,Spend category is missing.,254
SN453037,R987,A65,Mising spend categor.,255
7500005047,R66,A11,Spend category is missing.,256
2UI2K1029,R232,A80,This is not an approved supplier. Please find another vendor.,257
BD140298,R9,A80,Spend category is missing.,258
4500239142,R105,A80,Please supply the spend cateogry.,259
4500264886,R548,A65,Missing item information.,260
330486,R66,A11,Please supply the spend cateogry.,261
888606,R33,A22,Please supply the spend cateogry.,262
SO12325,R987,A22,Missing item nme and descripions,263
12-T0017,R734,A22,Mising spend categor.,264
13-5851,R987,A35,Mising spend categor.,265
P1400969,R734,A65,Please supply the spend cateogry.,266
12561018,R66,A11,Missing item nme and descripions,267
DSC12038,R548,A65,Missing item information.,268
14482056,R548,A35,Mising spend categor.,269
0148-2014,R33,A11,Spend category is missing.,270
4500175491,R33,A22,Missing item nme and descripions,271
4500252110,R987,A80,Spend category is missing.,272
REQ0009740,R66,A35,Spend category is missing.,273
2CA01980,R548,A65,Please supply the spend cateogry.,274
3PA2V021,R987,A11,Spend category is missing.,275
12-C0035,R9,A11,Please supply the spend cateogry.,276
CTA 14 016,R548,A11,Bad item.,277
4500152867,R987,A65,This item is in violates procurement compliance rules. Please remove item.,278
4500158397-1,R901,A22,Non-compliant item. Remove.,279
409042,R33,A35,Missing item nme and descripions,280
4500146806,R1,A35,Non-compliant item. Remove.,281
14-78008-000,R548,A80,Please supply the spend cateogry.,282
REQ0014569,R66,A22,Please supply the spend cateogry.,283
REQ0014248,R987,A22,Mising spend categor.,284
3126893,R1,A80,Bad item.,285
4500171386,R66,A35,Please supply the spend cateogry.,286
1UI2F1667,R734,A65,Please supply the spend cateogry.,287
4500286461,R548,A11,Mising spend categor.,288
4500201802,R9,A80,Spend category is missing.,289
4500239198,R66,A65,This item is in violates procurement compliance rules. Please remove item.,290
4500168044,R33,A80,Spend category is missing.,291
4500142695,R232,A65,Spend category is missing.,292
4500205447,R987,A80,Mising spend categor.,293
4500164071,R987,A35,Unapproved supplier. Either cancel the order or find another vendor.,294
4500191710,R734,A11,Mising spend categor.,295
1791,R901,A35,Mising spend categor.,296
BMB43748,R1,A65,Please supply the spend cateogry.,297
14IT-0227,R734,A11,Spend category is missing.,298
12-162 AMD 1,R66,A22,Non-compliant item. Remove.,299
PO14K002,R232,A80,This is not an approved supplier. Please find another vendor.,300
4500204899,R1,A22,Spend category is missing.,301
4500264782,R66,A80,Mising spend categor.,302
REQ0008954,R1,A80,This item is in violates procurement compliance rules. Please remove item.,303
4500263744,R66,A11,This item is in violates procurement compliance rules. Please remove item.,304
FV357374,R548,A11,Mising spend categor.,305
14518010,R1,A35,This item is in violates procurement compliance rules. Please remove item.,306
4500251729,R1,A22,Missing item nme and descripions,307
4500263139,R901,A80,Spend category is missing.,308
13540032,R901,A22,This item is in violates procurement compliance rules. Please remove item.,309
4500279064,R9,A35,This item is in violates procurement compliance rules. Please remove item.,310
4500180081,R901,A65,Unapproved supplier. Either cancel the order or find another vendor.,311
4500186599,R232,A80,Spend category is missing.,312
C02V0092,R1,A22,Missing item information.,313
4500142543,R901,A11,Fill in the item.,314
2PA3N053,R987,A65,Bad item.,315
P1300875,R987,A11,Wrong supplier.,316
4500174984,R9,A22,Spend category is missing.,317
4500229274,R734,A11,Spend category is missing.,318
13-SA-8503,R987,A35,Spend category is missing.,319
4500243602,R232,A11,This is not an approved supplier. Please find another vendor.,320
942,R734,A22,This item is in violates procurement compliance rules. Please remove item.,321
42A9078,R548,A35,Unapproved supplier. Either cancel the order or find another vendor.,322
12-118-120,R734,A65,Mising spend categor.,323
2PA4E957,R1,A11,Fill in the item.,324
C1400021,R987,A22,Non-compliant item. Remove.,325
S4730002,R9,A80,Mising spend categor.,326
620518,R734,A80,Mising spend categor.,327
4500235339,R66,A65,Missing item information.,328
2UI4H496,R33,A11,This is not an approved supplier. Please find another vendor.,329
4500200443,R33,A35,This item is in violates procurement compliance rules. Please remove item.,330
4500281766,R105,A80,Missing item information.,331
4500204673,R734,A35,Spend category is missing.,332
4500287639,R66,A65,Wrong supplier.,333
IT PO-2660-221400001079,R232,A35,Please supply the spend cateogry.,334
13-G0188,R548,A65,Mising spend categor.,335
13560150,R9,A65,This item is in violates procurement compliance rules. Please remove item.,336
4500275694,R734,A11,Mising spend categor.,337
W1655,R33,A80,Missing item information.,338
4500186912,R33,A65,Please supply the spend cateogry.,339
4500219727,R987,A22,Missing item information.,340
50-64-82,R987,A22,Missing item information.,341
P1400319,R9,A22,Missing item information.,342
2014-0623,R987,A80,Spend category is missing.,343
076H4035,R987,A35,Spend category is missing.,344
4500190804,R548,A22,Missing item nme and descripions,345
DRP13247,R105,A35,Please supply the spend cateogry.,346
C160-5271,R105,A80,Mising spend categor.,347
4500263545,R105,A22,Missing item information.,348
4500254873,R105,A35,Mising spend categor.,349
6935,R105,A11,Missing item nme and descripions,350
4500201280,R548,A65,Mising spend categor.,351
4500247085,R548,A11,Please supply the spend cateogry.,352
DSH14-259,R66,A35,This is not an approved supplier. Please find another vendor.,353
cd120062-00,R987,A80,Spend category is missing.,354
4500253420,R987,A22,Missing item information.,355
4500183770,R232,A22,Missing item nme and descripions,356
GP130144,R66,A35,Mising spend categor.,357
3.98E+14,R1,A11,Please supply the spend cateogry.,358
DFT13044,R232,A80,Spend category is missing.,359
REQ0011476,R232,A35,Fill in the item.,360
3003-929,R901,A80,Spend category is missing.,361
76WH4009,R987,A22,Bad item.,362
3181165,R33,A11,Spend category is missing.,363
4500151095,R987,A22,Missing item information.,364
TA-13369,R987,A35,Bad item.,365
07A3405,R1,A22,This is not an approved supplier. Please find another vendor.,366
4500187988,R9,A22,Fill in the item.,367
4500159570,R9,A11,Spend category is missing.,368
4500157111,R734,A80,This item is in violates procurement compliance rules. Please remove item.,369
14-G0203,R105,A80,Spend category is missing.,370
ARB125224,R66,A80,Missing item information.,371
4500164032,R901,A65,Fill in the item.,372
PO-100334,R734,A22,Mising spend categor.,373
CF121036,R1,A11,Spend category is missing.,374
4500275140,R66,A65,This is not an approved supplier. Please find another vendor.,375
REQ0009177,R9,A80,Spend category is missing.,376
14C646008,R33,A80,Mising spend categor.,377
1U4E2026,R1,A22,Unapproved supplier. Either cancel the order or find another vendor.,378
4500265084,R1,A80,This item is in violates procurement compliance rules. Please remove item.,379
TA-13276,R1,A35,Fill in the item.,380
12-126,R1,A65,Fill in the item.,381
4500213587,R9,A22,Fill in the item.,382
M5033013,R987,A35,Missing item nme and descripions,383
C1431016,R734,A35,Please supply the spend cateogry.,384
3151613,R66,A80,Fill in the item.,385
REQ0008284,R901,A35,Please supply the spend cateogry.,386
65A0336,R734,A80,Please supply the spend cateogry.,387
4500213425,R1,A35,Non-compliant item. Remove.,388
DSH12083,R548,A65,Wrong supplier.,389
12-506-0120,R232,A35,Fill in the item.,390
759310,R105,A11,Mising spend categor.,391
4500171804,R105,A22,Please supply the spend cateogry.,392
4500154419,R66,A22,Please supply the spend cateogry.,393
4030-3,R105,A22,Spend category is missing.,394
MS-1314-33,R33,A35,Missing item nme and descripions,395
4500165973,R1,A35,This is not an approved supplier. Please find another vendor.,396
4500199706,R9,A65,Fill in the item.,397
4500202632,R9,A22,This item is in violates procurement compliance rules. Please remove item.,398
5600004656,R66,A65,This is not an approved supplier. Please find another vendor.,399
3164914,R232,A11,Spend category is missing.,400
PRF 14-1785,R66,A22,Spend category is missing.,401
14-64032-010,R33,A22,This item is in violates procurement compliance rules. Please remove item.,402
4500198987,R66,A22,This item is in violates procurement compliance rules. Please remove item.,403
4500180959,R9,A35,Please supply the spend cateogry.,404
CFF 4803,R987,A80,Please supply the spend cateogry.,405
P1400955,R901,A80,Missing item information.,406
3181094,R105,A11,Missing item nme and descripions,407
7544,R9,A22,Unapproved supplier. Either cancel the order or find another vendor.,408
S3260031,R232,A80,Spend category is missing.,409
4500218155,R33,A80,Missing item information.,410
CF120693,R9,A11,Missing item information.,411
3179548,R548,A22,Non-compliant item. Remove.,412
TRCSLB0115,R232,A11,Fill in the item.,413
C598058,R232,A22,This item is in violates procurement compliance rules. Please remove item.,414
REQ0010060,R9,A80,Unapproved supplier. Either cancel the order or find another vendor.,415
4500143586,R33,A11,Spend category is missing.,416
50-63-74,R66,A35,Mising spend categor.,417
IP130097,R901,A22,Non-compliant item. Remove.,418
C598444,R987,A35,Missing item information.,419
4500218821,R232,A35,Missing item information.,420
12-0000008051,R66,A35,Fill in the item.,421
4500259343,R1,A65,Please supply the spend cateogry.,422
12-3-1029-001,R734,A11,Mising spend categor.,423
3184875,R105,A11,Spend category is missing.,424
4600009749,R105,A22,Spend category is missing.,425
SH141078,R901,A80,Unapproved supplier. Either cancel the order or find another vendor.,426
408-204-13,R1,A22,Missing item nme and descripions,427
4500190739,R66,A80,Fill in the item.,428
4500281450,R1,A11,Spend category is missing.,429
4500182023,R232,A22,Fill in the item.,430
36092,R66,A65,Bad item.,431
4500203794,R66,A80,Missing item nme and descripions,432
13-6893,R33,A65,Mising spend categor.,433
4500210930,R548,A65,Bad item.,434
12-020 AMD 1,R33,A11,Spend category is missing.,435
4500222745,R33,A11,Please supply the spend cateogry.,436
4500259020,R105,A65,Fill in the item.,437
C540-5356,R734,A11,Wrong supplier.,438
M699242,R734,A65,This item is in violates procurement compliance rules. Please remove item.,439
4500227237,R901,A35,Mising spend categor.,440
REQ0009850,R734,A11,Wrong supplier.,441
12-0048,R33,A80,Please supply the spend cateogry.,442
4500192734,R987,A35,Spend category is missing.,443
4500193396,R9,A22,Fill in the item.,444
4500274660,R987,A65,Missing item information.,445
REQ0010760,R105,A11,This item is in violates procurement compliance rules. Please remove item.,446
4500219064,R734,A35,Mising spend categor.,447
4500212623,R66,A35,Mising spend categor.,448
REQ0012496,R548,A65,Mising spend categor.,449
1.7E+13,R734,A65,Mising spend categor.,450
PO532255206,R548,A65,Mising spend categor.,451
P1300320,R66,A11,Mising spend categor.,452
CF140741,R33,A11,Please supply the spend cateogry.,453
4500207910,R9,A22,Spend category is missing.,454
4500201426,R33,A80,Mising spend categor.,455
450020541,R901,A80,This is not an approved supplier. Please find another vendor.,456
0080-2013,R901,A65,Non-compliant item. Remove.,457
4500197248,R33,A22,Non-compliant item. Remove.,458
C0600006,R66,A11,Missing item information.,459
12A1586,R1,A80,Spend category is missing.,460
4500127855,R734,A11,Spend category is missing.,461
CD0064113,R548,A35,Non-compliant item. Remove.,462
4500220578,R734,A65,Please supply the spend cateogry.,463
13-G0065,R548,A65,Fill in the item.,464
50-62-126,R548,A35,Spend category is missing.,465
4UI4F908,R33,A22,Bad item.,466
4500244556,R66,A22,Mising spend categor.,467
4500272374,R33,A22,This item is in violates procurement compliance rules. Please remove item.,468
12482087,R901,A65,Unapproved supplier. Either cancel the order or find another vendor.,469
12-CD046,R901,A22,Missing item information.,470
13-06-0813,R734,A35,This is not an approved supplier. Please find another vendor.,471
4500268924,R1,A35,Spend category is missing.,472
8603,R1,A35,Please supply the spend cateogry.,473
4pa3m126,R105,A11,Missing item nme and descripions,474
REQ0010761,R232,A80,Please supply the spend cateogry.,475
50-64-09,R232,A22,Spend category is missing.,476
REQ0012303,R734,A80,Mising spend categor.,477
DCA0002455,R105,A11,Please supply the spend cateogry.,478
4500217516,R9,A65,Missing item information.,479
4500169697,R1,A80,Please supply the spend cateogry.,480
14-05-0835,R66,A35,Mising spend categor.,481
5600004802,R66,A35,Please supply the spend cateogry.,482
7-12-15-048,R901,A65,This is not an approved supplier. Please find another vendor.,483
4500248081,R232,A35,Missing item nme and descripions,484
4500178005,R548,A22,Please supply the spend cateogry.,485
4500206579,R987,A65,Non-compliant item. Remove.,486
S3074137,R9,A80,Unapproved supplier. Either cancel the order or find another vendor.,487
3PA3P016,R901,A80,Mising spend categor.,488
42A8196,R734,A35,Unapproved supplier. Either cancel the order or find another vendor.,489
4500216558,R548,A22,Fill in the item.,490
3P3A1120,R105,A80,Non-compliant item. Remove.,491
4500219728,R105,A65,Mising spend categor.,492
11B-5732,R1,A65,This item is in violates procurement compliance rules. Please remove item.,493
4500203393,R987,A65,Mising spend categor.,494
4500222745,R734,A22,Wrong supplier.,495
13-20319,R33,A11,Please supply the spend cateogry.,496
8363,R33,A35,Please supply the spend cateogry.,497
13482006,R9,A22,Bad item.,498
BD140676,R548,A11,Bad item.,499
12-3929 01,R33,A65,Spend category is missing.,500
4500263387,R987,A22,Please supply the spend cateogry.,501
PR450312,R9,A80,Mising spend categor.,502
W0000835,R734,A22,Please supply the spend cateogry.,503
C390299,R734,A35,Spend category is missing.,504
4500259601,R901,A11,Bad item.,505
4500195932,R734,A80,Please supply the spend cateogry.,506
50-64-89,R901,A35,Missing item information.,507
AE120570,R1,A35,Non-compliant item. Remove.,508
BSC14028,R901,A11,Mising spend categor.,509
4500175107,R901,A35,Mising spend categor.,510
14048,R9,A35,Spend category is missing.,511
REQ0013368,R232,A65,Please supply the spend cateogry.,512
13-6652,R548,A11,Please supply the spend cateogry.,513
IT14190,R33,A22,Missing item information.,514
4500255425,R9,A80,Spend category is missing.,515
14-5491,R105,A11,Please supply the spend cateogry.,516
1.7E+13,R548,A22,Mising spend categor.,517
4500161610,R734,A80,This item is in violates procurement compliance rules. Please remove item.,518
4500197299,R105,A35,Wrong supplier.,519
4D420271,R33,A35,Missing item nme and descripions,520
13-254,R105,A80,Missing item information.,521
3168218,R33,A80,Mising spend categor.,522
4500193214,R9,A80,Bad item.,523
4500245634,R1,A80,Mising spend categor.,524
9702,R1,A35,Mising spend categor.,525
4009-560,R9,A22,Unapproved supplier. Either cancel the order or find another vendor.,526
REQ0010219,R33,A35,Missing item information.,527
REQ0009843,R987,A80,Spend category is missing.,528
HD119018,R66,A22,Please supply the spend cateogry.,529
3024-517,R66,A80,Missing item information.,530
4500202900,R33,A80,Spend category is missing.,531
4500190668,R66,A35,Spend category is missing.,532
REQ0009899,R987,A80,Fill in the item.,533
14560115,R232,A22,Spend category is missing.,534
50-62-56,R105,A35,Mising spend categor.,535
A1410005,R232,A35,Fill in the item.,536
4ui3h914,R1,A11,Spend category is missing.,537
11A2155,R33,A65,Missing item information.,538
4500210158,R987,A22,Please supply the spend cateogry.,539
4500204899,R33,A22,Bad item.,540
pr149034,R987,A35,Please supply the spend cateogry.,541
CAL-12105,R901,A80,Bad item.,542
L1400099,R734,A22,This item is in violates procurement compliance rules. Please remove item.,543
352405,R66,A35,Please supply the spend cateogry.,544
12482100,R987,A80,Spend category is missing.,545
14PO0175,R66,A11,Spend category is missing.,546
4M420371,R548,A11,Missing item information.,547
SN450038,R901,A65,Missing item information.,548
4500247563,R66,A80,Spend category is missing.,549
13WS0022,R1,A80,This item is in violates procurement compliance rules. Please remove item.,550
4500257772,R9,A80,Please supply the spend cateogry.,551
12CS0004,R9,A80,Missing item nme and descripions,552
1UI4F576,R33,A35,Spend category is missing.,553
4500269675,R105,A65,Wrong supplier.,554
13-0087,R33,A35,Mising spend categor.,555
P1401033,R901,A80,Mising spend categor.,556
12-D0617,R548,A65,Missing item nme and descripions,557
4500224245,R105,A65,Please supply the spend cateogry.,558
1779067,R9,A65,This item is in violates procurement compliance rules. Please remove item.,559
10-042,R987,A22,Mising spend categor.,560
4500236161,R66,A11,Please supply the spend cateogry.,561
4500255657,R987,A80,Spend category is missing.,562
4500264931,R66,A80,Spend category is missing.,563
35704,R66,A80,Missing item nme and descripions,564
810079,R987,A65,Please supply the spend cateogry.,565
7500005012,R987,A35,Spend category is missing.,566
4500249042,R66,A80,Spend category is missing.,567
4500191285,R9,A35,Mising spend categor.,568
4500217927,R9,A35,Unapproved supplier. Either cancel the order or find another vendor.,569
4500198790,R734,A22,Mising spend categor.,570
14-PO-00024,R734,A80,Mising spend categor.,571
5315*005,R901,A35,Non-compliant item. Remove.,572
4500275396,R548,A65,Spend category is missing.,573
12482017,R548,A65,Bad item.,574
4500244583,R901,A65,Missing item information.,575
IP120004,R548,A22,Spend category is missing.,576
4500158102,R232,A11,Mising spend categor.,577
3159511,R66,A80,Spend category is missing.,578
14-018,R33,A65,Spend category is missing.,579
4500237715,R66,A80,Missing item nme and descripions,580
X0530,R1,A65,Missing item information.,581
4500199720,R9,A35,Missing item nme and descripions,582
3PA3L003,R548,A11,Please supply the spend cateogry.,583
4500179742,R9,A22,Please supply the spend cateogry.,584
1907632,R9,A80,Missing item information.,585
4500163003,R734,A35,This is not an approved supplier. Please find another vendor.,586
12-S0059,R987,A22,Missing item nme and descripions,587
HC40210-13-9912,R548,A65,Please supply the spend cateogry.,588
CTA 14 005,R901,A11,Mising spend categor.,589
11-101-312,R987,A80,Mising spend categor.,590
14M-200,R9,A22,Fill in the item.,591
P1301133,R232,A65,Missing item information.,592
30-61-2007,R734,A35,Please supply the spend cateogry.,593
W0000994,R987,A80,Please supply the spend cateogry.,594
13-G0032,R1,A22,Spend category is missing.,595
1751674,R734,A22,Non-compliant item. Remove.,596
4500184346,R33,A65,Unapproved supplier. Either cancel the order or find another vendor.,597
4500286659,R548,A22,Please supply the spend cateogry.,598
L1300866,R9,A80,Please supply the spend cateogry.,599
03-75800,R548,A80,Missing item information.,600
4500211314,R901,A35,Bad item.,601
4500223071,R901,A22,Please supply the spend cateogry.,602
MS-1314-07,R901,A22,Please supply the spend cateogry.,603
CC14-028,R734,A80,Mising spend categor.,604
SJC12024,R9,A80,Please supply the spend cateogry.,605
4500205878,R9,A11,Unapproved supplier. Either cancel the order or find another vendor.,606
4500203174,R33,A35,Mising spend categor.,607
M5039001,R548,A22,Non-compliant item. Remove.,608
2U4J1992,R734,A11,Please supply the spend cateogry.,609
CF140825,R901,A11,This item is in violates procurement compliance rules. Please remove item.,610
4500190831,R548,A65,Spend category is missing.,611
1027,R734,A22,Spend category is missing.,612
REQ0009914,R987,A22,Spend category is missing.,613
TA-14260,R33,A80,Unapproved supplier. Either cancel the order or find another vendor.,614
D0848,R66,A11,Spend category is missing.,615
4500221916,R548,A11,Missing item nme and descripions,616
4500191951,R987,A35,Wrong supplier.,617
4500279544,R734,A22,Mising spend categor.,618
SN453067,R66,A11,Missing item nme and descripions,619
FIS 7218-12,R33,A11,Mising spend categor.,620
G-13-014,R66,A80,This is not an approved supplier. Please find another vendor.,621
3168167,R548,A35,Fill in the item.,622
152510001,R548,A22,Wrong supplier.,623
14-20-002,R105,A65,Bad item.,624
4500251563,R232,A11,Unapproved supplier. Either cancel the order or find another vendor.,625
P1400583,R1,A11,Mising spend categor.,626
03A2289,R33,A35,Spend category is missing.,627
DSH-12-13-180,R9,A22,Spend category is missing.,628
TA-13247,R987,A80,Please supply the spend cateogry.,629
C0235001,R33,A35,Please supply the spend cateogry.,630
14-G0277,R1,A65,Spend category is missing.,631
S4950018,R232,A65,Mising spend categor.,632
IP130083,R987,A65,This item is in violates procurement compliance rules. Please remove item.,633
4500216889,R1,A22,Mising spend categor.,634
8PA2X069,R1,A35,Mising spend categor.,635
4500214108,R9,A11,Please supply the spend cateogry.,636
4500197248,R734,A65,This is not an approved supplier. Please find another vendor.,637
4500179794,R33,A35,Mising spend categor.,638
4500187928,R9,A35,Missing item nme and descripions,639
REQ0009770,R548,A11,Spend category is missing.,640
61500000218,R66,A35,Bad item.,641
14C-1836,R9,A11,Bad item.,642
13-05-0378,R105,A80,Unapproved supplier. Either cancel the order or find another vendor.,643
4500191203,R901,A80,Please supply the spend cateogry.,644
14-PO-02686,R987,A35,Missing item information.,645
P3726AKI,R1,A22,Non-compliant item. Remove.,646
2660- 031400000322,R9,A22,Spend category is missing.,647
450028052,R105,A22,Non-compliant item. Remove.,648
HD250036,R105,A80,Fill in the item.,649
4500208211,R232,A35,Mising spend categor.,650
13FO1113,R987,A22,Mising spend categor.,651
4500184217,R66,A65,Unapproved supplier. Either cancel the order or find another vendor.,652
PO-2660-041400000083-1,R901,A35,Mising spend categor.,653
50-64-69,R105,A11,Missing item nme and descripions,654
4500147354,R232,A65,Mising spend categor.,655
13-05-1109,R66,A80,Mising spend categor.,656
2318,R548,A11,Mising spend categor.,657
12CS0009,R548,A65,Please supply the spend cateogry.,658
FIS 6182-13,R232,A22,Wrong supplier.,659
4500202454,R1,A35,Spend category is missing.,660
450015678,R1,A80,Wrong supplier.,661
REQ0008371,R232,A65,This item is in violates procurement compliance rules. Please remove item.,662
12Y4057030,R9,A65,Non-compliant item. Remove.,663
4500172627,R1,A65,This item is in violates procurement compliance rules. Please remove item.,664
401D3023,R232,A35,Bad item.,665
13-T3789,R901,A22,Please supply the spend cateogry.,666
REQ0008762,R232,A35,This item is in violates procurement compliance rules. Please remove item.,667
4500221189,R901,A65,Non-compliant item. Remove.,668
1350650A11,R734,A80,Missing item information.,669
REQ0008689,R548,A22,This item is in violates procurement compliance rules. Please remove item.,670
13-76000-003,R105,A11,Fill in the item.,671
4500181665,R987,A80,Wrong supplier.,672
4500168685,R33,A22,Missing item information.,673
565D4002,R232,A65,Spend category is missing.,674
4500238181,R232,A35,Spend category is missing.,675
DGSPD-09.26.12,R9,A11,Missing item nme and descripions,676
4500203419,R548,A11,Spend category is missing.,677
4500231996,R66,A35,Missing item nme and descripions,678
2.015E+11,R987,A11,This is not an approved supplier. Please find another vendor.,679
40-64-3531,R232,A80,Spend category is missing.,680
14-031,R548,A11,This item is in violates procurement compliance rules. Please remove item.,681
13HS0054,R734,A22,Bad item.,682
NR140737,R9,A35,Mising spend categor.,683
PO13K122,R33,A22,Spend category is missing.,684
1PA2A136,R9,A80,Missing item nme and descripions,685
4500216421,R232,A22,Mising spend categor.,686
S271120039-3,R66,A11,Fill in the item.,687
4500256160,R66,A22,Fill in the item.,688
4D441121,R33,A22,Mising spend categor.,689
M4001001,R548,A11,Mising spend categor.,690
5PA3K149,R105,A11,Mising spend categor.,691
4500285964,R548,A11,Please supply the spend cateogry.,692
12-506-0296,R987,A22,Missing item nme and descripions,693
041H2019,R232,A65,Please supply the spend cateogry.,694
3165670,R548,A11,Spend category is missing.,695
4500134371,R105,A35,Spend category is missing.,696
9911,R548,A22,Spend category is missing.,697
3166025,R33,A65,Unapproved supplier. Either cancel the order or find another vendor.,698
C1200092,R66,A80,Please supply the spend cateogry.,699
4500219139,R66,A35,Bad item.,700
4500198630,R9,A80,Missing item information.,701
4500164592,R548,A65,This is not an approved supplier. Please find another vendor.,702
32a0195,R901,A11,Please supply the spend cateogry.,703
4500262380,R734,A80,Please supply the spend cateogry.,704
14-110-0907,R66,A35,Unapproved supplier. Either cancel the order or find another vendor.,705
10295378,R1,A35,Fill in the item.,706
12ITCMAS-253S,R232,A11,Bad item.,707
3160985,R232,A80,This is not an approved supplier. Please find another vendor.,708
4500190718,R1,A11,Spend category is missing.,709
4500213782,R105,A80,Missing item information.,710
13560032,R232,A35,Mising spend categor.,711
3171726,R987,A35,Spend category is missing.,712
4500215776,R33,A35,This item is in violates procurement compliance rules. Please remove item.,713
P2810ASP,R548,A11,Bad item.,714
CF140507,R548,A11,Unapproved supplier. Either cancel the order or find another vendor.,715
5PA4K156,R232,A11,Please supply the spend cateogry.,716
4500161485,R1,A80,Please supply the spend cateogry.,717
4500259227,R105,A65,Bad item.,718
REQ001144,R548,A22,Please supply the spend cateogry.,719
DSC14113,R66,A35,Spend category is missing.,720
4500192477,R1,A80,Missing item nme and descripions,721
4500259508,R66,A65,Non-compliant item. Remove.,722
50-63-20,R105,A65,Missing item information.,723
ARB127601,R1,A35,Fill in the item.,724
14F-3094,R987,A11,Please supply the spend cateogry.,725
4500211314,R66,A65,Missing item nme and descripions,726
3PA2Y008,R33,A11,Please supply the spend cateogry.,727
838,R232,A11,Fill in the item.,728
4500264761,R232,A65,Mising spend categor.,729
4500211568,R548,A22,Spend category is missing.,730
DSH12-235,R66,A65,Spend category is missing.,731
DCA0002457,R66,A35,Fill in the item.,732
3165308,R105,A65,Missing item nme and descripions,733
4500206985,R66,A65,Non-compliant item. Remove.,734
ARB125144,R33,A22,Spend category is missing.,735
4500205940,R105,A80,Missing item nme and descripions,736
4500276427,R1,A35,Spend category is missing.,737
13-506-0043,R548,A22,Please supply the spend cateogry.,738
DRP13445,R9,A22,Please supply the spend cateogry.,739
M3062017,R548,A35,This is not an approved supplier. Please find another vendor.,740
4500258712,R1,A80,Mising spend categor.,741
08-85216,R66,A35,Spend category is missing.,742
14-G0222,R548,A65,Non-compliant item. Remove.,743
4500154163,R66,A65,Please supply the spend cateogry.,744
P2603AEX,R1,A65,This item is in violates procurement compliance rules. Please remove item.,745
4500142468,R33,A11,Unapproved supplier. Either cancel the order or find another vendor.,746
4500267875,R734,A22,Spend category is missing.,747
7-13-15-057,R548,A22,Missing item nme and descripions,748
041H3000,R232,A11,Mising spend categor.,749
13482126,R9,A65,Please supply the spend cateogry.,750
4500272288,R9,A11,Spend category is missing.,751
4500288627,R232,A11,Missing item information.,752
4ui4C506,R987,A80,Mising spend categor.,753
S32113001707,R66,A35,Mising spend categor.,754
4500180194,R9,A65,This item is in violates procurement compliance rules. Please remove item.,755
076D3007,R548,A65,Please supply the spend cateogry.,756
1.7E+14,R901,A11,Please supply the spend cateogry.,757
4500166430,R1,A22,Missing item information.,758
0298-2013,R105,A22,Spend category is missing.,759
8.26E+14,R734,A65,Please supply the spend cateogry.,760
4500145843,R901,A11,Bad item.,761
4500253726,R1,A11,Please supply the spend cateogry.,762
13-G0098,R548,A35,Mising spend categor.,763
4500277663,R232,A80,Mising spend categor.,764
SL140063,R232,A65,Spend category is missing.,765
DRR12086,R734,A11,Please supply the spend cateogry.,766
4500242412,R548,A22,Fill in the item.,767
0959-2014,R734,A35,Spend category is missing.,768
4500243421,R548,A11,Spend category is missing.,769
12518076,R66,A22,Missing item nme and descripions,770
S32114000539,R232,A80,Please supply the spend cateogry.,771
SN450550,R33,A22,Spend category is missing.,772
13-G0477,R987,A11,This is not an approved supplier. Please find another vendor.,773
10-87322,R901,A11,Spend category is missing.,774
4500198853,R548,A65,Spend category is missing.,775
30-64-016,R66,A11,Mising spend categor.,776
4500272919,R66,A80,Spend category is missing.,777
REQ0010577,R9,A22,Spend category is missing.,778
W0000449,R9,A80,Mising spend categor.,779
4500191712,R9,A11,Mising spend categor.,780
50-63-142,R734,A80,Spend category is missing.,781
4500149004,R1,A35,Mising spend categor.,782
14F-3002,R232,A65,Spend category is missing.,783
4500211987,R987,A11,Spend category is missing.,784
4500285854,R105,A11,Spend category is missing.,785
ARB139019,R232,A35,Fill in the item.,786
4500194974,R105,A35,This item is in violates procurement compliance rules. Please remove item.,787
4500259131,R734,A11,Spend category is missing.,788
CF140541,R9,A35,Non-compliant item. Remove.,789
3181794,R232,A11,Missing item information.,790
S3553061,R33,A22,Mising spend categor.,791
FV358009,R232,A11,Spend category is missing.,792
TRDOI00020,R9,A35,Fill in the item.,793
14-CD437,R987,A65,Spend category is missing.,794
4500197248,R33,A11,Non-compliant item. Remove.,795
14IT-0215,R734,A22,Mising spend categor.,796
4500205715,R1,A65,Mising spend categor.,797
4500227994,R232,A11,Please supply the spend cateogry.,798
P1200339,R33,A11,Missing item information.,799
2012-1786,R901,A11,Please supply the spend cateogry.,800
4500224691,R232,A35,Fill in the item.,801
13-4346,R548,A80,Missing item nme and descripions,802
4500129992,R66,A65,Spend category is missing.,803
L1400685,R987,A35,Missing item information.,804
CBT12007,R232,A11,Missing item information.,805
4500175755,R33,A80,Spend category is missing.,806
4500268937,R734,A65,Spend category is missing.,807
4500178614,R105,A65,Missing item nme and descripions,808
13554016,R9,A22,Spend category is missing.,809
4500146577,R548,A22,Missing item information.,810
4500167067,R901,A35,Mising spend categor.,811
42A9917,R66,A65,Mising spend categor.,812
4500160804,R548,A22,Please supply the spend cateogry.,813
4500205878,R66,A11,Non-compliant item. Remove.,814
FIS 7235-12,R734,A65,Spend category is missing.,815
P2630CLQ,R9,A65,Mising spend categor.,816
4500276025,R1,A11,Mising spend categor.,817
4500238775,R987,A65,Missing item information.,818
14-099U,R901,A11,Please supply the spend cateogry.,819
4UI2E448,R1,A11,Please supply the spend cateogry.,820
CD0034314,R734,A22,Please supply the spend cateogry.,821
4500162959,R987,A35,Bad item.,822
50-63-21,R1,A22,Spend category is missing.,823
AE130449,R548,A80,Spend category is missing.,824
12-G0327,R9,A22,Non-compliant item. Remove.,825
LN256001,R9,A80,This item is in violates procurement compliance rules. Please remove item.,826
3066-016,R232,A35,Spend category is missing.,827
IP120062,R105,A80,Spend category is missing.,828
PO-2660-0612000189,R734,A80,Mising spend categor.,829
3176538,R734,A22,Missing item information.,830
14-G0375,R1,A11,Please supply the spend cateogry.,831
C1237003,R232,A35,Please supply the spend cateogry.,832
12-G0419,R105,A65,Non-compliant item. Remove.,833
REQ0014066,R9,A22,This item is in violates procurement compliance rules. Please remove item.,834
4500150112,R9,A35,Missing item nme and descripions,835
3175465,R66,A11,Please supply the spend cateogry.,836
REQ0009497,R1,A35,Wrong supplier.,837
81A0109,R9,A80,Please supply the spend cateogry.,838
4500178574,R33,A11,Missing item nme and descripions,839
REQ0012456,R734,A22,Please supply the spend cateogry.,840
5600003335,R901,A80,Mising spend categor.,841
4500274780,R548,A80,Missing item information.,842
4500181876,R105,A35,Mising spend categor.,843
1433201A01,R66,A80,Bad item.,844
42A9433,R734,A11,Fill in the item.,845
S3556054,R734,A65,Mising spend categor.,846
3166873,R66,A35,Mising spend categor.,847
REQ0013240,R548,A80,Please supply the spend cateogry.,848
4500159842,R66,A11,Please supply the spend cateogry.,849
018D3005,R232,A22,Non-compliant item. Remove.,850
C160-5113,R105,A80,Please supply the spend cateogry.,851
4500200726,R66,A65,Missing item nme and descripions,852
REQ0010655,R901,A11,This is not an approved supplier. Please find another vendor.,853
X0679,R901,A22,Spend category is missing.,854
W1676,R734,A65,Mising spend categor.,855
13-20171,R66,A35,Mising spend categor.,856
ARB135158,R734,A11,Spend category is missing.,857
4500282924,R105,A11,Mising spend categor.,858
4500167385A,R232,A35,Mising spend categor.,859
4500216737,R1,A35,Missing item information.,860
REQ0013375,R33,A80,Wrong supplier.,861
S24415000135,R232,A22,Mising spend categor.,862
4500171034,R33,A22,Non-compliant item. Remove.,863
4500178953,R901,A35,Bad item.,864
CF130738,R734,A65,This is not an approved supplier. Please find another vendor.,865
1UI4F406,R232,A35,Please supply the spend cateogry.,866
4500161137,R66,A65,Please supply the spend cateogry.,867
CBP058,R734,A22,Wrong supplier.,868
4500201426,R9,A80,Bad item.,869
4500271532,R66,A11,Unapproved supplier. Either cancel the order or find another vendor.,870
4500204899,R9,A35,Mising spend categor.,871
REQ0011120,R1,A80,This item is in violates procurement compliance rules. Please remove item.,872
1422600A34,R734,A35,Non-compliant item. Remove.,873
091H3062,R734,A22,Spend category is missing.,874
4500249761,R734,A22,Fill in the item.,875
7359,R33,A35,Mising spend categor.,876
4500216889,R734,A11,Mising spend categor.,877
CF120046,R901,A80,Missing item information.,878
4500281308,R33,A22,This item is in violates procurement compliance rules. Please remove item.,879
14540034,R901,A22,Please supply the spend cateogry.,880
4500231966,R9,A22,Mising spend categor.,881
4500148450,R1,A80,Mising spend categor.,882
PR450312,R9,A11,Spend category is missing.,883
50-64-33,R1,A22,Spend category is missing.,884
7612,R1,A22,Non-compliant item. Remove.,885
4500213533,R1,A11,Mising spend categor.,886
4500288398,R548,A11,This is not an approved supplier. Please find another vendor.,887
13-G0064,R232,A35,Please supply the spend cateogry.,888
4500151710,R33,A11,Fill in the item.,889
4500273167,R232,A80,Fill in the item.,890
4500148011,R232,A22,Mising spend categor.,891
4500261103,R66,A22,Please supply the spend cateogry.,892
3PA2C704,R901,A80,Missing item nme and descripions,893
4500261194,R33,A80,This is not an approved supplier. Please find another vendor.,894
P1250014,R548,A22,Missing item nme and descripions,895
0278-2012,R232,A80,Mising spend categor.,896
14-700-7008,R105,A65,Missing item nme and descripions,897
12548176,R1,A80,Missing item information.,898
1PA2E811,R66,A22,Mising spend categor.,899
C0043001,R734,A11,This is not an approved supplier. Please find another vendor.,900
4500187193,R901,A22,Non-compliant item. Remove.,901
1PA3F858,R734,A11,Please supply the spend cateogry.,902
S4820014,R987,A80,Spend category is missing.,903
4500211271,R901,A35,Mising spend categor.,904
